{
  "project_info": {
    "project_id": "smartcar-1203",
    "project_number": "591065935860",
    "name": "SmartCar"
  },
  "client": [
    {
      "client_info": {
        "mobilesdk_app_id": "1:591065935860:android:f53eac276fd7e71d",
        "client_id": "android:com.moin.smartcar",
        "client_type": 1,
        "android_client_info": {
          "package_name": "com.moin.smartcar",
          "certificate_hash": []
        }
      },
      "oauth_client": [],
      "api_key": [],
      "services": {
        "analytics_service": {
          "status": 1
        },
        "cloud_messaging_service": {
          "status": 2,
          "apns_config": []
        },
        "appinvite_service": {
          "status": 1,
          "other_platform_oauth_client": []
        },
        "google_signin_service": {
          "status": 1
        },
        "ads_service": {
          "status": 1
        }
      }
    }
  ],
  "client_info": [],
  "ARTIFACT_VERSION": "1"
}